sample_id,group,original_text,domain,emotion_true,llm_raw_output,malformation_type,stage1_output,repaired_output,llm_emotion,repaired_emotion,vad_distance,crosses_epsilon,A1_is_distorted,A2_severity,A3_correct_emotion,annotator_notes
S001,SAFE,So frustrating—the instructions are wrong and nothing fits together.,Amazon,frustration,"{""emotion"": 'frustration', ""polarity"": ""negative""}",json_syntax_error,"{""emotion"": ""frustration"", ""polarity"": ""negative"", ""intensity"": 0.54}","{""emotion"": ""annoyance"", ""polarity"": ""negative"", ""intensity"": 0.53}",frustration,annoyance,0.12,NO,,,,
S002,SAFE,"After two hours of trying, I still can't get this to work. So frustrating.",Amazon,frustration,"{""emotion"": ""frustration"", ""emotion"": ""neutral"", ""polarity"": ""negative""}",duplicate_key,"{""emotion"": ""frustration"", ""polarity"": ""negative"", ""intensity"": 0.54}","{""emotion"": ""annoyance"", ""polarity"": ""negative"", ""intensity"": 0.41}",frustration,annoyance,0.12,NO,,,,
S003,SAFE,Endlessly frustrating. Support doesn't respond and the app crashes.,Amazon,frustration,"{""emotion"": null, ""polarity"": ""negative"", ""intensity"": 0.45}",null_emotion_field,"{""emotion"": ""frustration"", ""polarity"": ""negative"", ""intensity"": 0.56}","{""emotion"": ""annoyance"", ""polarity"": ""negative"", ""intensity"": 0.42}",frustration,annoyance,0.12,NO,,,,
S004,SAFE,Completely frustrated by the assembly process. Parts are missing.,Amazon,frustration,"{""emotion"": ""\u00e9motion_frustration"", ""polarity"": ""negative""}",encoding_error,"{""emotion"": ""frustration"", ""polarity"": ""negative"", ""intensity"": 0.37}","{""emotion"": ""annoyance"", ""polarity"": ""negative"", ""intensity"": 0.34}",frustration,annoyance,0.12,NO,,,,
S005,SAFE,Fed up with this brand. Third time buying and third time disappointed.,Amazon,frustration,"{""emotion"": ""frustration"", ""polarity"": ""negative"", ""intensity"": 0.49",missing_closing_brace,"{""emotion"": ""frustration"", ""polarity"": ""negative"", ""intensity"": 0.47}","{""emotion"": ""annoyance"", ""polarity"": ""negative"", ""intensity"": 0.55}",frustration,annoyance,0.12,NO,,,,
S006,SAFE,So frustrating—the instructions are wrong and nothing fits together.,Amazon,frustration,"{""emotion"": ""frustration"", ""polar",truncated_output,"{""emotion"": ""frustration"", ""polarity"": ""negative"", ""intensity"": 0.37}","{""emotion"": ""annoyance"", ""polarity"": ""negative"", ""intensity"": 0.38}",frustration,annoyance,0.12,NO,,,,
S007,SAFE,"After two hours of trying, I still can't get this to work. So frustrating.",Amazon,frustration,"{""polarity"": ""negative"", ""intensity"": 0.3}",schema_field_missing,"{""emotion"": ""frustration"", ""polarity"": ""negative"", ""intensity"": 0.64}","{""emotion"": ""annoyance"", ""polarity"": ""negative"", ""intensity"": 0.49}",frustration,annoyance,0.12,NO,,,,
S008,SAFE,Endlessly frustrating. Support doesn't respond and the app crashes.,Amazon,frustration,"{""emotion"": ""frustration"", ""polarity"": -1, ""intensity"": 0.6}",wrong_value_type,"{""emotion"": ""frustration"", ""polarity"": ""negative"", ""intensity"": 0.61}","{""emotion"": ""annoyance"", ""polarity"": ""negative"", ""intensity"": 0.5}",frustration,annoyance,0.12,NO,,,,
S009,SAFE,Completely frustrated by the assembly process. Parts are missing.,Amazon,frustration,"{""emotion"": 'frustration', ""polarity"": ""negative""}",json_syntax_error,"{""emotion"": ""frustration"", ""polarity"": ""negative"", ""intensity"": 0.63}","{""emotion"": ""annoyance"", ""polarity"": ""negative"", ""intensity"": 0.47}",frustration,annoyance,0.12,NO,,,,
S010,SAFE,Slightly annoying that the cable isn't included. Otherwise fine.,Amazon,annoyance,"{""emotion"": ""annoyance"", ""emotion"": ""neutral"", ""polarity"": ""negative""}",duplicate_key,"{""emotion"": ""annoyance"", ""polarity"": ""negative"", ""intensity"": 0.32}","{""emotion"": ""frustration"", ""polarity"": ""negative"", ""intensity"": 0.35}",annoyance,frustration,0.12,NO,,,,
S011,SAFE,Mildly irritating that the app requires an account just to use it.,Amazon,annoyance,"{""emotion"": null, ""polarity"": ""negative"", ""intensity"": 0.34}",null_emotion_field,"{""emotion"": ""annoyance"", ""polarity"": ""negative"", ""intensity"": 0.57}","{""emotion"": ""frustration"", ""polarity"": ""negative"", ""intensity"": 0.51}",annoyance,frustration,0.12,NO,,,,
S012,SAFE,A bit annoying about the packaging — excessive plastic everywhere.,Amazon,annoyance,"{""emotion"": ""\u00e9motion_annoyance"", ""polarity"": ""negative""}",encoding_error,"{""emotion"": ""annoyance"", ""polarity"": ""negative"", ""intensity"": 0.45}","{""emotion"": ""frustration"", ""polarity"": ""negative"", ""intensity"": 0.6}",annoyance,frustration,0.12,NO,,,,
S013,SAFE,The beeping noise is bothersome. Would have been nice to disable it.,Amazon,annoyance,"{""emotion"": ""annoyance"", ""polarity"": ""negative"", ""intensity"": 0.65",missing_closing_brace,"{""emotion"": ""annoyance"", ""polarity"": ""negative"", ""intensity"": 0.56}","{""emotion"": ""frustration"", ""polarity"": ""negative"", ""intensity"": 0.63}",annoyance,frustration,0.12,NO,,,,
S014,SAFE,Minor gripe: the color looks different than advertised. Still usable.,Amazon,annoyance,"{""emotion"": ""annoyance"", ""polar",truncated_output,"{""emotion"": ""annoyance"", ""polarity"": ""negative"", ""intensity"": 0.36}","{""emotion"": ""frustration"", ""polarity"": ""negative"", ""intensity"": 0.33}",annoyance,frustration,0.12,NO,,,,
S015,SAFE,Slightly annoying that the cable isn't included. Otherwise fine.,Amazon,annoyance,"{""polarity"": ""negative"", ""intensity"": 0.46}",schema_field_missing,"{""emotion"": ""annoyance"", ""polarity"": ""negative"", ""intensity"": 0.38}","{""emotion"": ""frustration"", ""polarity"": ""negative"", ""intensity"": 0.55}",annoyance,frustration,0.12,NO,,,,
S016,SAFE,Mildly irritating that the app requires an account just to use it.,Amazon,annoyance,"{""emotion"": ""annoyance"", ""polarity"": -1, ""intensity"": 0.54}",wrong_value_type,"{""emotion"": ""annoyance"", ""polarity"": ""negative"", ""intensity"": 0.58}","{""emotion"": ""frustration"", ""polarity"": ""negative"", ""intensity"": 0.52}",annoyance,frustration,0.12,NO,,,,
S017,SAFE,A bit annoying about the packaging — excessive plastic everywhere.,Amazon,annoyance,"{""emotion"": 'annoyance', ""polarity"": ""negative""}",json_syntax_error,"{""emotion"": ""annoyance"", ""polarity"": ""negative"", ""intensity"": 0.53}","{""emotion"": ""frustration"", ""polarity"": ""negative"", ""intensity"": 0.62}",annoyance,frustration,0.12,NO,,,,
S018,SAFE,The beeping noise is bothersome. Would have been nice to disable it.,Amazon,annoyance,"{""emotion"": ""annoyance"", ""emotion"": ""neutral"", ""polarity"": ""negative""}",duplicate_key,"{""emotion"": ""annoyance"", ""polarity"": ""negative"", ""intensity"": 0.56}","{""emotion"": ""frustration"", ""polarity"": ""negative"", ""intensity"": 0.5}",annoyance,frustration,0.12,NO,,,,
S019,SAFE,This is absolutely outrageous. The seller misled me completely.,Amazon,anger,"{""emotion"": null, ""polarity"": ""negative"", ""intensity"": 0.87}",null_emotion_field,"{""emotion"": ""anger"", ""polarity"": ""negative"", ""intensity"": 0.94}","{""emotion"": ""disgust"", ""polarity"": ""negative"", ""intensity"": 0.83}",anger,disgust,0.48,NO,,,,
S020,SAFE,I am furious. Three weeks of waiting for a completely broken item.,Amazon,anger,"{""emotion"": ""\u00e9motion_anger"", ""polarity"": ""negative""}",encoding_error,"{""emotion"": ""anger"", ""polarity"": ""negative"", ""intensity"": 0.78}","{""emotion"": ""disgust"", ""polarity"": ""negative"", ""intensity"": 0.76}",anger,disgust,0.48,NO,,,,
S021,SAFE,Infuriating product. Nothing works and the company ignores complaints.,Amazon,anger,"{""emotion"": ""anger"", ""polarity"": ""negative"", ""intensity"": 0.72",missing_closing_brace,"{""emotion"": ""anger"", ""polarity"": ""negative"", ""intensity"": 0.94}","{""emotion"": ""disgust"", ""polarity"": ""negative"", ""intensity"": 0.95}",anger,disgust,0.48,NO,,,,
S022,SAFE,Total rip-off. I demand a refund. This is unacceptable.,Amazon,anger,"{""emotion"": ""anger"", ""polar",truncated_output,"{""emotion"": ""anger"", ""polarity"": ""negative"", ""intensity"": 0.82}","{""emotion"": ""disgust"", ""polarity"": ""negative"", ""intensity"": 0.86}",anger,disgust,0.48,NO,,,,
S023,SAFE,Enraged by this experience. Worst customer service imaginable.,Amazon,anger,"{""polarity"": ""negative"", ""intensity"": 0.75}",schema_field_missing,"{""emotion"": ""anger"", ""polarity"": ""negative"", ""intensity"": 0.82}","{""emotion"": ""disgust"", ""polarity"": ""negative"", ""intensity"": 0.72}",anger,disgust,0.48,NO,,,,
S024,SAFE,This is absolutely outrageous. The seller misled me completely.,Amazon,anger,"{""emotion"": ""anger"", ""polarity"": -1, ""intensity"": 0.87}",wrong_value_type,"{""emotion"": ""anger"", ""polarity"": ""negative"", ""intensity"": 0.78}","{""emotion"": ""disgust"", ""polarity"": ""negative"", ""intensity"": 0.87}",anger,disgust,0.48,NO,,,,
S025,SAFE,I am furious. Three weeks of waiting for a completely broken item.,Amazon,anger,"{""emotion"": 'anger', ""polarity"": ""negative""}",json_syntax_error,"{""emotion"": ""anger"", ""polarity"": ""negative"", ""intensity"": 0.81}","{""emotion"": ""disgust"", ""polarity"": ""negative"", ""intensity"": 0.78}",anger,disgust,0.48,NO,,,,
S026,SAFE,Infuriating product. Nothing works and the company ignores complaints.,Amazon,anger,"{""emotion"": ""anger"", ""emotion"": ""neutral"", ""polarity"": ""negative""}",duplicate_key,"{""emotion"": ""anger"", ""polarity"": ""negative"", ""intensity"": 0.95}","{""emotion"": ""disgust"", ""polarity"": ""negative"", ""intensity"": 0.86}",anger,disgust,0.48,NO,,,,
S027,SAFE,Total rip-off. I demand a refund. This is unacceptable.,Amazon,anger,"{""emotion"": null, ""polarity"": ""negative"", ""intensity"": 0.79}",null_emotion_field,"{""emotion"": ""anger"", ""polarity"": ""negative"", ""intensity"": 0.89}","{""emotion"": ""disgust"", ""polarity"": ""negative"", ""intensity"": 0.86}",anger,disgust,0.48,NO,,,,
S028,SAFE,Revolting quality. Looks nothing like the photos. Appalling.,Amazon,disgust,"{""emotion"": ""\u00e9motion_disgust"", ""polarity"": ""negative""}",encoding_error,"{""emotion"": ""disgust"", ""polarity"": ""negative"", ""intensity"": 0.81}","{""emotion"": ""anger"", ""polarity"": ""negative"", ""intensity"": 0.87}",disgust,anger,0.48,NO,,,,
S029,SAFE,Disgusted by the smell when I opened the package. Unacceptable.,Amazon,disgust,"{""emotion"": ""disgust"", ""polarity"": ""negative"", ""intensity"": 0.73",missing_closing_brace,"{""emotion"": ""disgust"", ""polarity"": ""negative"", ""intensity"": 0.74}","{""emotion"": ""anger"", ""polarity"": ""negative"", ""intensity"": 0.84}",disgust,anger,0.48,NO,,,,
S030,SAFE,Gross construction. Peeling after two days. Absolutely repulsive.,Amazon,disgust,"{""emotion"": ""disgust"", ""polar",truncated_output,"{""emotion"": ""disgust"", ""polarity"": ""negative"", ""intensity"": 0.82}","{""emotion"": ""anger"", ""polarity"": ""negative"", ""intensity"": 0.73}",disgust,anger,0.48,NO,,,,
S031,SAFE,Nauseating experience. The material is clearly cheap and toxic.,Amazon,disgust,"{""polarity"": ""negative"", ""intensity"": 0.82}",schema_field_missing,"{""emotion"": ""disgust"", ""polarity"": ""negative"", ""intensity"": 0.77}","{""emotion"": ""anger"", ""polarity"": ""negative"", ""intensity"": 0.91}",disgust,anger,0.48,NO,,,,
S032,SAFE,Loathing every aspect of this purchase. Send it back immediately.,Amazon,disgust,"{""emotion"": ""disgust"", ""polarity"": -1, ""intensity"": 0.84}",wrong_value_type,"{""emotion"": ""disgust"", ""polarity"": ""negative"", ""intensity"": 0.93}","{""emotion"": ""anger"", ""polarity"": ""negative"", ""intensity"": 0.83}",disgust,anger,0.48,NO,,,,
S033,SAFE,Revolting quality. Looks nothing like the photos. Appalling.,Amazon,disgust,"{""emotion"": 'disgust', ""polarity"": ""negative""}",json_syntax_error,"{""emotion"": ""disgust"", ""polarity"": ""negative"", ""intensity"": 0.8}","{""emotion"": ""anger"", ""polarity"": ""negative"", ""intensity"": 0.93}",disgust,anger,0.48,NO,,,,
S034,SAFE,Disgusted by the smell when I opened the package. Unacceptable.,Amazon,disgust,"{""emotion"": ""disgust"", ""emotion"": ""neutral"", ""polarity"": ""negative""}",duplicate_key,"{""emotion"": ""disgust"", ""polarity"": ""negative"", ""intensity"": 0.85}","{""emotion"": ""anger"", ""polarity"": ""negative"", ""intensity"": 0.95}",disgust,anger,0.48,NO,,,,
S035,SAFE,Gross construction. Peeling after two days. Absolutely repulsive.,Amazon,disgust,"{""emotion"": null, ""polarity"": ""negative"", ""intensity"": 0.79}",null_emotion_field,"{""emotion"": ""disgust"", ""polarity"": ""negative"", ""intensity"": 0.84}","{""emotion"": ""anger"", ""polarity"": ""negative"", ""intensity"": 0.84}",disgust,anger,0.48,NO,,,,
S036,SAFE,Nauseating experience. The material is clearly cheap and toxic.,Amazon,disgust,"{""emotion"": ""\u00e9motion_disgust"", ""polarity"": ""negative""}",encoding_error,"{""emotion"": ""disgust"", ""polarity"": ""negative"", ""intensity"": 0.84}","{""emotion"": ""anger"", ""polarity"": ""negative"", ""intensity"": 0.76}",disgust,anger,0.48,NO,,,,
S037,SAFE,Absolutely love this product! Best purchase I've made this year.,Amazon,joy,"{""emotion"": ""joy"", ""polarity"": ""positive"", ""intensity"": 0.89",missing_closing_brace,"{""emotion"": ""joy"", ""polarity"": ""positive"", ""intensity"": 0.9}","{""emotion"": ""contentment"", ""polarity"": ""positive"", ""intensity"": 0.44}",joy,contentment,0.4,NO,,,,
S038,SAFE,This exceeded every expectation. Genuinely delighted with the quality.,Amazon,joy,"{""emotion"": ""joy"", ""polar",truncated_output,"{""emotion"": ""joy"", ""polarity"": ""positive"", ""intensity"": 0.71}","{""emotion"": ""contentment"", ""polarity"": ""positive"", ""intensity"": 0.48}",joy,contentment,0.4,NO,,,,
S039,SAFE,Five stars all the way. Such a joyful experience using this every day.,Amazon,joy,"{""polarity"": ""positive"", ""intensity"": 0.92}",schema_field_missing,"{""emotion"": ""joy"", ""polarity"": ""positive"", ""intensity"": 0.83}","{""emotion"": ""contentment"", ""polarity"": ""positive"", ""intensity"": 0.46}",joy,contentment,0.4,NO,,,,
S040,SAFE,I'm so happy with this. The whole family loves it too.,Amazon,joy,"{""emotion"": ""joy"", ""polarity"": 1, ""intensity"": 0.86}",wrong_value_type,"{""emotion"": ""joy"", ""polarity"": ""positive"", ""intensity"": 0.82}","{""emotion"": ""contentment"", ""polarity"": ""positive"", ""intensity"": 0.64}",joy,contentment,0.4,NO,,,,
S041,SAFE,Couldn't be more pleased. Pure delight from unboxing to daily use.,Amazon,joy,"{""emotion"": 'joy', ""polarity"": ""positive""}",json_syntax_error,"{""emotion"": ""joy"", ""polarity"": ""positive"", ""intensity"": 0.91}","{""emotion"": ""contentment"", ""polarity"": ""positive"", ""intensity"": 0.6}",joy,contentment,0.4,NO,,,,
S042,SAFE,Absolutely love this product! Best purchase I've made this year.,Amazon,joy,"{""emotion"": ""joy"", ""emotion"": ""neutral"", ""polarity"": ""positive""}",duplicate_key,"{""emotion"": ""joy"", ""polarity"": ""positive"", ""intensity"": 0.92}","{""emotion"": ""contentment"", ""polarity"": ""positive"", ""intensity"": 0.31}",joy,contentment,0.4,NO,,,,
S043,SAFE,This exceeded every expectation. Genuinely delighted with the quality.,Amazon,joy,"{""emotion"": null, ""polarity"": ""positive"", ""intensity"": 0.95}",null_emotion_field,"{""emotion"": ""joy"", ""polarity"": ""positive"", ""intensity"": 0.89}","{""emotion"": ""contentment"", ""polarity"": ""positive"", ""intensity"": 0.45}",joy,contentment,0.4,NO,,,,
S044,SAFE,Five stars all the way. Such a joyful experience using this every day.,Amazon,joy,"{""emotion"": ""\u00e9motion_joy"", ""polarity"": ""positive""}",encoding_error,"{""emotion"": ""joy"", ""polarity"": ""positive"", ""intensity"": 0.87}","{""emotion"": ""contentment"", ""polarity"": ""positive"", ""intensity"": 0.62}",joy,contentment,0.4,NO,,,,
S045,SAFE,Pretty satisfied with this overall. Solid choice for the price.,Amazon,contentment,"{""emotion"": ""contentment"", ""polarity"": ""positive"", ""intensity"": 0.32",missing_closing_brace,"{""emotion"": ""contentment"", ""polarity"": ""positive"", ""intensity"": 0.35}","{""emotion"": ""joy"", ""polarity"": ""positive"", ""intensity"": 0.83}",contentment,joy,0.4,NO,,,,
S046,SAFE,Generally happy with the purchase. Good quality and fair delivery.,Amazon,contentment,"{""emotion"": ""contentment"", ""polar",truncated_output,"{""emotion"": ""contentment"", ""polarity"": ""positive"", ""intensity"": 0.6}","{""emotion"": ""joy"", ""polarity"": ""positive"", ""intensity"": 0.85}",contentment,joy,0.4,NO,,,,
S047,SAFE,Content with what I received. Meets my needs without fuss.,Amazon,contentment,"{""polarity"": ""positive"", ""intensity"": 0.62}",schema_field_missing,"{""emotion"": ""contentment"", ""polarity"": ""positive"", ""intensity"": 0.39}","{""emotion"": ""joy"", ""polarity"": ""positive"", ""intensity"": 0.76}",contentment,joy,0.4,NO,,,,
S048,SAFE,Reasonably pleased. Does the job well without any complications.,Amazon,contentment,"{""emotion"": ""contentment"", ""polarity"": 1, ""intensity"": 0.62}",wrong_value_type,"{""emotion"": ""contentment"", ""polarity"": ""positive"", ""intensity"": 0.36}","{""emotion"": ""joy"", ""polarity"": ""positive"", ""intensity"": 0.81}",contentment,joy,0.4,NO,,,,
S049,SAFE,Quite happy with the results. Would consider buying again.,Amazon,contentment,"{""emotion"": 'contentment', ""polarity"": ""positive""}",json_syntax_error,"{""emotion"": ""contentment"", ""polarity"": ""positive"", ""intensity"": 0.39}","{""emotion"": ""joy"", ""polarity"": ""positive"", ""intensity"": 0.91}",contentment,joy,0.4,NO,,,,
S050,SAFE,Pretty satisfied with this overall. Solid choice for the price.,Amazon,contentment,"{""emotion"": ""contentment"", ""emotion"": ""neutral"", ""polarity"": ""positive""}",duplicate_key,"{""emotion"": ""contentment"", ""polarity"": ""positive"", ""intensity"": 0.5}","{""emotion"": ""joy"", ""polarity"": ""positive"", ""intensity"": 0.84}",contentment,joy,0.4,NO,,,,
S051,SAFE,Generally happy with the purchase. Good quality and fair delivery.,Amazon,contentment,"{""emotion"": null, ""polarity"": ""positive"", ""intensity"": 0.53}",null_emotion_field,"{""emotion"": ""contentment"", ""polarity"": ""positive"", ""intensity"": 0.4}","{""emotion"": ""joy"", ""polarity"": ""positive"", ""intensity"": 0.84}",contentment,joy,0.4,NO,,,,
S052,SAFE,Content with what I received. Meets my needs without fuss.,Amazon,contentment,"{""emotion"": ""\u00e9motion_contentment"", ""polarity"": ""positive""}",encoding_error,"{""emotion"": ""contentment"", ""polarity"": ""positive"", ""intensity"": 0.47}","{""emotion"": ""joy"", ""polarity"": ""positive"", ""intensity"": 0.93}",contentment,joy,0.4,NO,,,,
S053,SAFE,Genuinely worried this might be unsafe for children. Avoid.,Amazon,fear,"{""emotion"": ""fear"", ""polarity"": ""negative"", ""intensity"": 0.77",missing_closing_brace,"{""emotion"": ""fear"", ""polarity"": ""negative"", ""intensity"": 0.86}","{""emotion"": ""anxiety"", ""polarity"": ""negative"", ""intensity"": 0.52}",fear,anxiety,0.14,NO,,,,
S054,SAFE,The product sparked concern immediately — sharp edges not mentioned.,Amazon,fear,"{""emotion"": ""fear"", ""polar",truncated_output,"{""emotion"": ""fear"", ""polarity"": ""negative"", ""intensity"": 0.86}","{""emotion"": ""anxiety"", ""polarity"": ""negative"", ""intensity"": 0.62}",fear,anxiety,0.14,NO,,,,
S055,SAFE,I'm anxious about the chemicals in this. No safety information provided.,Amazon,fear,"{""polarity"": ""negative"", ""intensity"": 0.78}",schema_field_missing,"{""emotion"": ""fear"", ""polarity"": ""negative"", ""intensity"": 0.88}","{""emotion"": ""anxiety"", ""polarity"": ""negative"", ""intensity"": 0.33}",fear,anxiety,0.14,NO,,,,
S056,SAFE,Scared to even use this after it made a strange burning smell.,Amazon,fear,"{""emotion"": ""fear"", ""polarity"": -1, ""intensity"": 0.74}",wrong_value_type,"{""emotion"": ""fear"", ""polarity"": ""negative"", ""intensity"": 0.83}","{""emotion"": ""anxiety"", ""polarity"": ""negative"", ""intensity"": 0.64}",fear,anxiety,0.14,NO,,,,
S057,SAFE,Concerned about the build quality—feels like it could fail any time.,Amazon,fear,"{""emotion"": 'fear', ""polarity"": ""negative""}",json_syntax_error,"{""emotion"": ""fear"", ""polarity"": ""negative"", ""intensity"": 0.91}","{""emotion"": ""anxiety"", ""polarity"": ""negative"", ""intensity"": 0.47}",fear,anxiety,0.14,NO,,,,
S058,SAFE,Genuinely worried this might be unsafe for children. Avoid.,Amazon,fear,"{""emotion"": ""fear"", ""emotion"": ""neutral"", ""polarity"": ""negative""}",duplicate_key,"{""emotion"": ""fear"", ""polarity"": ""negative"", ""intensity"": 0.94}","{""emotion"": ""anxiety"", ""polarity"": ""negative"", ""intensity"": 0.35}",fear,anxiety,0.14,NO,,,,
S059,SAFE,The product sparked concern immediately — sharp edges not mentioned.,Amazon,fear,"{""emotion"": null, ""polarity"": ""negative"", ""intensity"": 0.94}",null_emotion_field,"{""emotion"": ""fear"", ""polarity"": ""negative"", ""intensity"": 0.94}","{""emotion"": ""anxiety"", ""polarity"": ""negative"", ""intensity"": 0.58}",fear,anxiety,0.14,NO,,,,
S060,SAFE,I'm anxious about the chemicals in this. No safety information provided.,Amazon,fear,"{""emotion"": ""\u00e9motion_fear"", ""polarity"": ""negative""}",encoding_error,"{""emotion"": ""fear"", ""polarity"": ""negative"", ""intensity"": 0.81}","{""emotion"": ""anxiety"", ""polarity"": ""negative"", ""intensity"": 0.54}",fear,anxiety,0.14,NO,,,,
S061,SAFE,Nervous about the durability after reading reviews—but it held up.,Amazon,anxiety,"{""emotion"": ""anxiety"", ""polarity"": ""negative"", ""intensity"": 0.54",missing_closing_brace,"{""emotion"": ""anxiety"", ""polarity"": ""negative"", ""intensity"": 0.34}","{""emotion"": ""fear"", ""polarity"": ""negative"", ""intensity"": 0.76}",anxiety,fear,0.14,NO,,,,
S062,SAFE,Apprehensive at first but the setup was straightforward enough.,Amazon,anxiety,"{""emotion"": ""anxiety"", ""polar",truncated_output,"{""emotion"": ""anxiety"", ""polarity"": ""negative"", ""intensity"": 0.38}","{""emotion"": ""fear"", ""polarity"": ""negative"", ""intensity"": 0.72}",anxiety,fear,0.14,NO,,,,
S063,SAFE,A bit on edge about the battery safety but seems fine so far.,Amazon,anxiety,"{""polarity"": ""negative"", ""intensity"": 0.62}",schema_field_missing,"{""emotion"": ""anxiety"", ""polarity"": ""negative"", ""intensity"": 0.35}","{""emotion"": ""fear"", ""polarity"": ""negative"", ""intensity"": 0.94}",anxiety,fear,0.14,NO,,,,
S064,SAFE,Uneasy about the unclear instructions but managed after some effort.,Amazon,anxiety,"{""emotion"": ""anxiety"", ""polarity"": -1, ""intensity"": 0.33}",wrong_value_type,"{""emotion"": ""anxiety"", ""polarity"": ""negative"", ""intensity"": 0.35}","{""emotion"": ""fear"", ""polarity"": ""negative"", ""intensity"": 0.81}",anxiety,fear,0.14,NO,,,,
S065,SAFE,"Worried about quality given the price, but pleasantly reassured.",Amazon,anxiety,"{""emotion"": 'anxiety', ""polarity"": ""negative""}",json_syntax_error,"{""emotion"": ""anxiety"", ""polarity"": ""negative"", ""intensity"": 0.56}","{""emotion"": ""fear"", ""polarity"": ""negative"", ""intensity"": 0.74}",anxiety,fear,0.14,NO,,,,
S066,SAFE,Nervous about the durability after reading reviews—but it held up.,Amazon,anxiety,"{""emotion"": ""anxiety"", ""emotion"": ""neutral"", ""polarity"": ""negative""}",duplicate_key,"{""emotion"": ""anxiety"", ""polarity"": ""negative"", ""intensity"": 0.63}","{""emotion"": ""fear"", ""polarity"": ""negative"", ""intensity"": 0.71}",anxiety,fear,0.14,NO,,,,
S067,SAFE,Apprehensive at first but the setup was straightforward enough.,Amazon,anxiety,"{""emotion"": null, ""polarity"": ""negative"", ""intensity"": 0.6}",null_emotion_field,"{""emotion"": ""anxiety"", ""polarity"": ""negative"", ""intensity"": 0.33}","{""emotion"": ""fear"", ""polarity"": ""negative"", ""intensity"": 0.87}",anxiety,fear,0.14,NO,,,,
S068,SAFE,A bit on edge about the battery safety but seems fine so far.,Amazon,anxiety,"{""emotion"": ""\u00e9motion_anxiety"", ""polarity"": ""negative""}",encoding_error,"{""emotion"": ""anxiety"", ""polarity"": ""negative"", ""intensity"": 0.37}","{""emotion"": ""fear"", ""polarity"": ""negative"", ""intensity"": 0.73}",anxiety,fear,0.14,NO,,,,
S069,SAFE,Absolutely love this product! Best purchase I've made this year.,Amazon,joy,"{""emotion"": ""joy"", ""polarity"": ""positive"", ""intensity"": 0.91",missing_closing_brace,"{""emotion"": ""joy"", ""polarity"": ""positive"", ""intensity"": 0.85}","{""emotion"": ""surprise"", ""polarity"": ""positive"", ""intensity"": 0.31}",joy,surprise,0.47,NO,,,,
S070,SAFE,This exceeded every expectation. Genuinely delighted with the quality.,Amazon,joy,"{""emotion"": ""joy"", ""polar",truncated_output,"{""emotion"": ""joy"", ""polarity"": ""positive"", ""intensity"": 0.72}","{""emotion"": ""surprise"", ""polarity"": ""positive"", ""intensity"": 0.57}",joy,surprise,0.47,NO,,,,
S071,SAFE,Five stars all the way. Such a joyful experience using this every day.,Amazon,joy,"{""polarity"": ""positive"", ""intensity"": 0.75}",schema_field_missing,"{""emotion"": ""joy"", ""polarity"": ""positive"", ""intensity"": 0.74}","{""emotion"": ""surprise"", ""polarity"": ""positive"", ""intensity"": 0.62}",joy,surprise,0.47,NO,,,,
S072,SAFE,I'm so happy with this. The whole family loves it too.,Amazon,joy,"{""emotion"": ""joy"", ""polarity"": 1, ""intensity"": 0.74}",wrong_value_type,"{""emotion"": ""joy"", ""polarity"": ""positive"", ""intensity"": 0.76}","{""emotion"": ""surprise"", ""polarity"": ""positive"", ""intensity"": 0.36}",joy,surprise,0.47,NO,,,,
S073,SAFE,Couldn't be more pleased. Pure delight from unboxing to daily use.,Amazon,joy,"{""emotion"": 'joy', ""polarity"": ""positive""}",json_syntax_error,"{""emotion"": ""joy"", ""polarity"": ""positive"", ""intensity"": 0.76}","{""emotion"": ""surprise"", ""polarity"": ""positive"", ""intensity"": 0.41}",joy,surprise,0.47,NO,,,,
S074,SAFE,Absolutely love this product! Best purchase I've made this year.,Amazon,joy,"{""emotion"": ""joy"", ""emotion"": ""neutral"", ""polarity"": ""positive""}",duplicate_key,"{""emotion"": ""joy"", ""polarity"": ""positive"", ""intensity"": 0.89}","{""emotion"": ""surprise"", ""polarity"": ""positive"", ""intensity"": 0.47}",joy,surprise,0.47,NO,,,,
S075,SAFE,This exceeded every expectation. Genuinely delighted with the quality.,Amazon,joy,"{""emotion"": null, ""polarity"": ""positive"", ""intensity"": 0.83}",null_emotion_field,"{""emotion"": ""joy"", ""polarity"": ""positive"", ""intensity"": 0.94}","{""emotion"": ""surprise"", ""polarity"": ""positive"", ""intensity"": 0.32}",joy,surprise,0.47,NO,,,,
S076,SAFE,Five stars all the way. Such a joyful experience using this every day.,Amazon,joy,"{""emotion"": ""\u00e9motion_joy"", ""polarity"": ""positive""}",encoding_error,"{""emotion"": ""joy"", ""polarity"": ""positive"", ""intensity"": 0.94}","{""emotion"": ""surprise"", ""polarity"": ""positive"", ""intensity"": 0.32}",joy,surprise,0.47,NO,,,,
S077,SAFE,Really disappointing. I had high hopes but this let me down completely.,Amazon,sadness,"{""emotion"": ""sadness"", ""polarity"": ""negative"", ""intensity"": 0.82",missing_closing_brace,"{""emotion"": ""sadness"", ""polarity"": ""negative"", ""intensity"": 0.93}","{""emotion"": ""fear"", ""polarity"": ""negative"", ""intensity"": 0.72}",sadness,fear,0.53,NO,,,,
S078,SAFE,Felt genuinely sad returning this. It just didn't work as described.,Amazon,sadness,"{""emotion"": ""sadness"", ""polar",truncated_output,"{""emotion"": ""sadness"", ""polarity"": ""negative"", ""intensity"": 0.86}","{""emotion"": ""fear"", ""polarity"": ""negative"", ""intensity"": 0.84}",sadness,fear,0.53,NO,,,,
S079,SAFE,Such a let-down. I wanted to love it but it broke within a week.,Amazon,sadness,"{""polarity"": ""negative"", ""intensity"": 0.95}",schema_field_missing,"{""emotion"": ""sadness"", ""polarity"": ""negative"", ""intensity"": 0.85}","{""emotion"": ""fear"", ""polarity"": ""negative"", ""intensity"": 0.72}",sadness,fear,0.53,NO,,,,
S080,SAFE,Heartbroken about how poor this is. Not what I needed at all.,Amazon,sadness,"{""emotion"": ""sadness"", ""polarity"": -1, ""intensity"": 0.86}",wrong_value_type,"{""emotion"": ""sadness"", ""polarity"": ""negative"", ""intensity"": 0.88}","{""emotion"": ""fear"", ""polarity"": ""negative"", ""intensity"": 0.75}",sadness,fear,0.53,NO,,,,
S081,SAFE,Honestly depressed by this experience. Complete waste of money.,Amazon,sadness,"{""emotion"": 'sadness', ""polarity"": ""negative""}",json_syntax_error,"{""emotion"": ""sadness"", ""polarity"": ""negative"", ""intensity"": 0.8}","{""emotion"": ""fear"", ""polarity"": ""negative"", ""intensity"": 0.72}",sadness,fear,0.53,NO,,,,
S082,SAFE,Really disappointing. I had high hopes but this let me down completely.,Amazon,sadness,"{""emotion"": ""sadness"", ""emotion"": ""neutral"", ""polarity"": ""negative""}",duplicate_key,"{""emotion"": ""sadness"", ""polarity"": ""negative"", ""intensity"": 0.93}","{""emotion"": ""fear"", ""polarity"": ""negative"", ""intensity"": 0.72}",sadness,fear,0.53,NO,,,,
S083,SAFE,Felt genuinely sad returning this. It just didn't work as described.,Amazon,sadness,"{""emotion"": null, ""polarity"": ""negative"", ""intensity"": 0.88}",null_emotion_field,"{""emotion"": ""sadness"", ""polarity"": ""negative"", ""intensity"": 0.9}","{""emotion"": ""fear"", ""polarity"": ""negative"", ""intensity"": 0.84}",sadness,fear,0.53,NO,,,,
S084,SAFE,Such a let-down. I wanted to love it but it broke within a week.,Amazon,sadness,"{""emotion"": ""\u00e9motion_sadness"", ""polarity"": ""negative""}",encoding_error,"{""emotion"": ""sadness"", ""polarity"": ""negative"", ""intensity"": 0.79}","{""emotion"": ""fear"", ""polarity"": ""negative"", ""intensity"": 0.87}",sadness,fear,0.53,NO,,,,
S085,SAFE,Revolting quality. Looks nothing like the photos. Appalling.,Amazon,disgust,"{""emotion"": ""disgust"", ""polarity"": ""negative"", ""intensity"": 0.89",missing_closing_brace,"{""emotion"": ""disgust"", ""polarity"": ""negative"", ""intensity"": 0.85}","{""emotion"": ""annoyance"", ""polarity"": ""negative"", ""intensity"": 0.42}",disgust,annoyance,0.25,NO,,,,
S086,SAFE,Disgusted by the smell when I opened the package. Unacceptable.,Amazon,disgust,"{""emotion"": ""disgust"", ""polar",truncated_output,"{""emotion"": ""disgust"", ""polarity"": ""negative"", ""intensity"": 0.73}","{""emotion"": ""annoyance"", ""polarity"": ""negative"", ""intensity"": 0.6}",disgust,annoyance,0.25,NO,,,,
S087,SAFE,Gross construction. Peeling after two days. Absolutely repulsive.,Amazon,disgust,"{""polarity"": ""negative"", ""intensity"": 0.89}",schema_field_missing,"{""emotion"": ""disgust"", ""polarity"": ""negative"", ""intensity"": 0.91}","{""emotion"": ""annoyance"", ""polarity"": ""negative"", ""intensity"": 0.64}",disgust,annoyance,0.25,NO,,,,
S088,SAFE,Nauseating experience. The material is clearly cheap and toxic.,Amazon,disgust,"{""emotion"": ""disgust"", ""polarity"": -1, ""intensity"": 0.86}",wrong_value_type,"{""emotion"": ""disgust"", ""polarity"": ""negative"", ""intensity"": 0.93}","{""emotion"": ""annoyance"", ""polarity"": ""negative"", ""intensity"": 0.59}",disgust,annoyance,0.25,NO,,,,
S089,SAFE,Loathing every aspect of this purchase. Send it back immediately.,Amazon,disgust,"{""emotion"": 'disgust', ""polarity"": ""negative""}",json_syntax_error,"{""emotion"": ""disgust"", ""polarity"": ""negative"", ""intensity"": 0.78}","{""emotion"": ""annoyance"", ""polarity"": ""negative"", ""intensity"": 0.3}",disgust,annoyance,0.25,NO,,,,
S090,SAFE,Revolting quality. Looks nothing like the photos. Appalling.,Amazon,disgust,"{""emotion"": ""disgust"", ""emotion"": ""neutral"", ""polarity"": ""negative""}",duplicate_key,"{""emotion"": ""disgust"", ""polarity"": ""negative"", ""intensity"": 0.86}","{""emotion"": ""annoyance"", ""polarity"": ""negative"", ""intensity"": 0.31}",disgust,annoyance,0.25,NO,,,,
S091,SAFE,Disgusted by the smell when I opened the package. Unacceptable.,Amazon,disgust,"{""emotion"": null, ""polarity"": ""negative"", ""intensity"": 0.79}",null_emotion_field,"{""emotion"": ""disgust"", ""polarity"": ""negative"", ""intensity"": 0.79}","{""emotion"": ""annoyance"", ""polarity"": ""negative"", ""intensity"": 0.55}",disgust,annoyance,0.25,NO,,,,
S092,SAFE,Gross construction. Peeling after two days. Absolutely repulsive.,Amazon,disgust,"{""emotion"": ""\u00e9motion_disgust"", ""polarity"": ""negative""}",encoding_error,"{""emotion"": ""disgust"", ""polarity"": ""negative"", ""intensity"": 0.74}","{""emotion"": ""annoyance"", ""polarity"": ""negative"", ""intensity"": 0.52}",disgust,annoyance,0.25,NO,,,,
S093,SAFE,So frustrating—the instructions are wrong and nothing fits together.,Amazon,frustration,"{""emotion"": ""frustration"", ""polarity"": ""negative"", ""intensity"": 0.54",missing_closing_brace,"{""emotion"": ""frustration"", ""polarity"": ""negative"", ""intensity"": 0.45}","{""emotion"": ""disgust"", ""polarity"": ""negative"", ""intensity"": 0.77}",frustration,disgust,0.28,NO,,,,
S094,SAFE,"After two hours of trying, I still can't get this to work. So frustrating.",Amazon,frustration,"{""emotion"": ""frustration"", ""polar",truncated_output,"{""emotion"": ""frustration"", ""polarity"": ""negative"", ""intensity"": 0.54}","{""emotion"": ""disgust"", ""polarity"": ""negative"", ""intensity"": 0.82}",frustration,disgust,0.28,NO,,,,
S095,SAFE,Endlessly frustrating. Support doesn't respond and the app crashes.,Amazon,frustration,"{""polarity"": ""negative"", ""intensity"": 0.32}",schema_field_missing,"{""emotion"": ""frustration"", ""polarity"": ""negative"", ""intensity"": 0.3}","{""emotion"": ""disgust"", ""polarity"": ""negative"", ""intensity"": 0.78}",frustration,disgust,0.28,NO,,,,
S096,SAFE,Completely frustrated by the assembly process. Parts are missing.,Amazon,frustration,"{""emotion"": ""frustration"", ""polarity"": -1, ""intensity"": 0.39}",wrong_value_type,"{""emotion"": ""frustration"", ""polarity"": ""negative"", ""intensity"": 0.3}","{""emotion"": ""disgust"", ""polarity"": ""negative"", ""intensity"": 0.89}",frustration,disgust,0.28,NO,,,,
S097,SAFE,Fed up with this brand. Third time buying and third time disappointed.,Amazon,frustration,"{""emotion"": 'frustration', ""polarity"": ""negative""}",json_syntax_error,"{""emotion"": ""frustration"", ""polarity"": ""negative"", ""intensity"": 0.59}","{""emotion"": ""disgust"", ""polarity"": ""negative"", ""intensity"": 0.9}",frustration,disgust,0.28,NO,,,,
S098,SAFE,So frustrating—the instructions are wrong and nothing fits together.,Amazon,frustration,"{""emotion"": ""frustration"", ""emotion"": ""neutral"", ""polarity"": ""negative""}",duplicate_key,"{""emotion"": ""frustration"", ""polarity"": ""negative"", ""intensity"": 0.62}","{""emotion"": ""disgust"", ""polarity"": ""negative"", ""intensity"": 0.92}",frustration,disgust,0.28,NO,,,,
S099,SAFE,"After two hours of trying, I still can't get this to work. So frustrating.",Amazon,frustration,"{""emotion"": null, ""polarity"": ""negative"", ""intensity"": 0.45}",null_emotion_field,"{""emotion"": ""frustration"", ""polarity"": ""negative"", ""intensity"": 0.34}","{""emotion"": ""disgust"", ""polarity"": ""negative"", ""intensity"": 0.71}",frustration,disgust,0.28,NO,,,,
S100,SAFE,Endlessly frustrating. Support doesn't respond and the app crashes.,Amazon,frustration,"{""emotion"": ""\u00e9motion_frustration"", ""polarity"": ""negative""}",encoding_error,"{""emotion"": ""frustration"", ""polarity"": ""negative"", ""intensity"": 0.62}","{""emotion"": ""disgust"", ""polarity"": ""negative"", ""intensity"": 0.72}",frustration,disgust,0.28,NO,,,,
